occupation_title,soc_code,job_category,education_required,median_annual_wage_usd,employment_2024,projected_growth_pct_2024_2034,growth_outlook,ai_exposure_llm_human,ai_exposure_llm_gpt4,ai_exposure_aioe,ai_exposure_level,top_cognitive_ability,top_cognitive_family,distinctive_cognitive_strength,cognitive_demand_score,verbal_ability,reasoning_ability,quantitative_ability,memory_ability,perceptual_ability,spatial_ability,attention_ability
Survey researchers,19-3022,Life Physical And Social Science,Master's degree,63380.0,8800.0,-5.0,Decline,0.844,0.625,1.427,High,Oral Comprehension,Verbal,Quantitative,3.304,4.06,3.589,3.94,3.0,2.793,1.69,2.69
Interpreters and translators,27-3091,Media And Communication,Bachelor's degree,59440.0,75300.0,2.0,Slower than average,0.84,0.88,1.111,High,Oral Comprehension,Verbal,Attention,3.054,4.095,3.213,1.88,2.75,2.96,1.75,3.19
Public relations specialists,27-3031,Media And Communication,Bachelor's degree,69780.0,315900.0,5.0,Faster than average,0.788,0.591,1.285,High,Oral Comprehension,Verbal,Verbal,3.012,4.127,3.463,2.06,2.38,2.293,1.625,2.935
Writers and authors,27-3043,Media And Communication,Bachelor's degree,72270.0,135400.0,4.0,As fast as average,0.774,0.877,0.988,High,Written Expression,Verbal,Verbal,2.97,4.108,3.456,1.872,2.06,2.417,1.782,2.56
Environmental scientists and specialists,19-2041,Life Physical And Social Science,Bachelor's degree,80060.0,90300.0,4.0,As fast as average,0.71,0.522,1.014,High,Oral Comprehension,Verbal,Quantitative,3.252,3.992,3.572,3.202,2.502,2.832,2.157,2.798
Customer service representatives,43-4051,Office And Administrative Support,High school diploma or equivalent,42830.0,2814000.0,-5.0,Decline,0.705,0.568,0.956,High,Oral Comprehension,Verbal,Verbal,2.943,3.86,3.196,2.407,2.5,2.645,1.5,2.875
Concierges,39-6012,Personal Care And Service,High school diploma or equivalent,37320.0,45600.0,2.0,Slower than average,0.7,0.467,0.856,High,Oral Expression,Verbal,Memory,2.891,3.625,3.247,2.12,2.75,2.46,1.87,2.685
Credit counselors,13-2071,Business And Financial,Bachelor's degree,50480.0,31800.0,3.0,As fast as average,0.693,0.625,1.385,High,Oral Comprehension,Verbal,Quantitative,3.134,3.97,3.384,3.25,2.375,2.79,1.625,2.872
Advertising sales agents,41-3011,Sales,High school diploma or equivalent,61460.0,103700.0,-6.0,Decline,0.692,0.538,1.163,High,Oral Expression,Verbal,Verbal,3.036,3.875,3.123,2.75,2.38,2.793,2.13,2.94
"Tax examiners and collectors, and revenue agents",13-2081,Business And Financial,Bachelor's degree,59740.0,57600.0,-2.0,Decline,0.677,0.581,1.367,High,Oral Comprehension,Verbal,Memory,3.161,3.875,3.464,3.125,2.88,2.917,1.625,2.75
Personal financial advisors,13-2052,Business And Financial,Bachelor's degree,102140.0,326000.0,10.0,Much faster than average,0.671,0.5,1.401,High,Oral Comprehension,Verbal,Quantitative,3.18,3.97,3.539,3.5,2.5,2.75,1.5,2.685
Agricultural and food scientists,19-1010,Life Physical And Social Science,Bachelor's degree,78770.0,38700.0,6.0,Faster than average,0.658,0.456,0.823,High,Oral Comprehension,Verbal,Reasoning,3.369,3.999,3.78,3.252,2.707,2.888,2.228,2.978
Loan officers,13-2072,Business And Financial,Bachelor's degree,74180.0,301400.0,2.0,Slower than average,0.648,0.591,1.386,High,Oral Comprehension,Verbal,Quantitative,2.899,3.843,3.197,3.25,2.25,2.29,1.25,2.5
Editors,27-3041,Media And Communication,Bachelor's degree,75260.0,115800.0,1.0,Slower than average,0.647,0.647,1.128,High,Written Comprehension,Verbal,Verbal,3.191,4.375,3.52,2.06,2.62,2.917,1.94,2.75
Budget analysts,13-2031,Business And Financial,Bachelor's degree,87930.0,50400.0,1.0,Slower than average,0.64,0.52,1.503,High,Oral Comprehension,Verbal,Quantitative,3.203,3.907,3.483,4.0,2.62,2.67,1.56,2.75
Technical writers,27-3042,Media And Communication,Bachelor's degree,91670.0,56400.0,1.0,Slower than average,0.633,0.7,1.184,High,Written Expression,Verbal,Verbal,2.852,4.0,3.287,1.88,2.0,2.163,2.125,2.19
"News analysts, reporters, and journalists",27-3023,Media And Communication,Bachelor's degree,60280.0,49300.0,-4.0,Decline,0.633,0.65,1.175,High,Oral Expression,Verbal,Verbal,3.068,4.093,3.5,1.968,2.56,2.647,1.685,2.875
Genetic counselors,29-9092,Healthcare,Master's degree,98910.0,4000.0,9.0,Much faster than average,0.632,0.5,1.528,High,Written Comprehension,Verbal,Memory,3.273,4.062,3.623,3.0,2.88,2.96,1.81,2.875
Operations research analysts,15-2031,Math,Bachelor's degree,91290.0,112100.0,21.0,Much faster than average,0.629,0.629,1.4,High,Mathematical Reasoning,Quantitative,Quantitative,3.405,4.093,3.84,4.5,2.75,2.667,1.69,2.56
Economists,19-3011,Life Physical And Social Science,Master's degree,115440.0,17600.0,1.0,Slower than average,0.617,0.553,1.404,High,Written Comprehension,Verbal,Quantitative,3.209,3.922,3.491,3.72,3.0,2.667,1.815,2.595
Sociologists,19-3041,Life Physical And Social Science,Master's degree,101690.0,3400.0,4.0,As fast as average,0.615,0.538,1.411,High,Written Comprehension,Verbal,Verbal,2.97,4.185,3.374,2.435,2.38,2.207,1.5,2.565
"Atmospheric scientists, including meteorologists",19-2021,Life Physical And Social Science,Bachelor's degree,97450.0,9400.0,1.0,Slower than average,0.609,0.565,1.374,High,Written Comprehension,Verbal,Verbal,3.291,4.218,3.589,3.125,2.62,2.96,1.81,2.875
Emergency management directors,11-9161,Management,Bachelor's degree,86130.0,13200.0,3.0,As fast as average,0.6,0.422,1.031,High,Oral Comprehension,Verbal,Reasoning,3.428,4.06,3.857,2.75,2.88,3.04,2.56,3.06
Logisticians,13-1081,Business And Financial,Bachelor's degree,80880.0,241000.0,17.0,Much faster than average,0.597,0.528,1.297,High,Written Comprehension,Verbal,Quantitative,3.293,3.905,3.625,3.417,2.75,2.848,2.123,2.897
Public safety telecommunicators,43-5031,Office And Administrative Support,High school diploma or equivalent,50730.0,105200.0,3.0,As fast as average,0.594,0.656,0.907,High,Oral Expression,Verbal,Attention,3.226,3.78,3.483,2.12,3.12,3.337,1.88,3.56
Training and development specialists,13-1151,Business And Financial,Bachelor's degree,65850.0,452300.0,11.0,Much faster than average,0.592,0.553,1.198,High,Oral Expression,Verbal,Memory,3.202,4.093,3.627,2.5,3.0,2.583,1.81,3.06
Human resources specialists,13-1071,Business And Financial,Bachelor's degree,72910.0,944300.0,6.0,Faster than average,0.589,0.644,1.36,High,Oral Comprehension,Verbal,Verbal,2.922,4.028,3.211,2.315,2.38,2.503,1.625,2.5
Receptionists,43-4171,Office And Administrative Support,High school diploma or equivalent,37230.0,1007200.0,0.0,Little or no change,0.583,0.533,1.013,High,Oral Comprehension,Verbal,Memory,2.75,3.69,2.697,2.62,2.75,2.33,1.56,3.0
Urban and regional planners,19-3051,Life Physical And Social Science,Master's degree,83720.0,44700.0,3.0,As fast as average,0.58,0.477,1.228,High,Oral Expression,Verbal,Spatial,3.245,4.03,3.609,2.94,2.25,2.583,2.63,2.815
Financial examiners,13-2061,Business And Financial,Bachelor's degree,90400.0,65100.0,19.0,Much faster than average,0.576,0.5,1.526,High,Written Comprehension,Verbal,Quantitative,3.398,4.093,3.749,3.5,2.88,3.163,1.75,2.935
Health and safety engineers,17-2111,Architecture And Engineering,Bachelor's degree,109660.0,23800.0,4.0,As fast as average,0.568,0.504,0.995,High,Problem Sensitivity,Reasoning,Perceptual,3.362,3.927,3.731,3.02,2.67,3.193,2.5,2.748
Medical scientists,19-1042,Life Physical And Social Science,Doctoral or professional degree,100590.0,165300.0,9.0,Much faster than average,0.568,0.523,1.28,High,Written Comprehension,Verbal,Reasoning,3.297,4.093,3.714,3.125,2.62,2.957,1.625,2.935
Travel agents,41-3041,Sales,High school diploma or equivalent,48450.0,65700.0,2.0,Slower than average,0.562,0.562,1.134,High,Oral Comprehension,Verbal,Memory,2.935,3.72,3.124,2.94,2.88,2.29,1.625,3.0
Computer and information systems managers,11-3021,Management,Bachelor's degree,171200.0,667100.0,15.0,Much faster than average,0.561,0.53,1.06,High,Oral Comprehension,Verbal,Reasoning,3.25,3.938,3.661,3.06,2.62,2.833,2.06,2.75
Medical records specialists,29-2072,Healthcare,Postsecondary nondegree award,50250.0,194800.0,7.0,Much faster than average,0.559,0.618,0.574,High,Oral Comprehension,Verbal,Verbal,2.613,3.375,2.84,2.125,2.12,2.5,1.44,2.37
Epidemiologists,19-1041,Life Physical And Social Science,Master's degree,83980.0,12300.0,16.0,Much faster than average,0.558,0.442,1.436,High,Problem Sensitivity,Reasoning,Reasoning,3.535,4.185,3.964,3.375,3.0,3.287,2.0,3.065
Market research analysts,13-1161,Business And Financial,Bachelor's degree,76950.0,941700.0,7.0,Much faster than average,0.543,0.525,1.427,High,Inductive Reasoning,Reasoning,Reasoning,3.28,4.0,3.821,3.25,2.75,2.75,1.69,2.63
Political scientists,19-3094,Life Physical And Social Science,Master's degree,139380.0,6500.0,-3.0,Decline,0.542,0.479,1.419,High,Written Comprehension,Verbal,Verbal,2.982,4.125,3.34,2.565,2.5,2.333,1.5,2.56
Public relations and fundraising managers,11-2030,Management,Bachelor's degree,132870.0,128900.0,5.0,Faster than average,0.538,0.556,1.294,High,Oral Expression,Verbal,Reasoning,3.251,4.093,3.733,2.815,2.62,2.627,1.94,2.88
Bioengineers and biomedical engineers,17-2031,Architecture And Engineering,Bachelor's degree,106950.0,22200.0,5.0,Faster than average,0.538,0.59,0.987,High,Written Comprehension,Verbal,Quantitative,3.451,3.97,3.837,3.63,2.62,3.163,2.31,2.87
Actuaries,15-2011,Math,Bachelor's degree,125770.0,33600.0,22.0,Much faster than average,0.537,0.5,1.516,High,Mathematical Reasoning,Quantitative,Quantitative,3.406,3.907,3.714,4.375,2.75,3.003,1.75,2.94
Sales engineers,41-9031,Sales,Bachelor's degree,121520.0,56800.0,5.0,Faster than average,0.534,0.511,1.145,High,Oral Comprehension,Verbal,Memory,3.315,3.998,3.697,3.185,3.0,2.92,1.94,2.87
Hydrologists,19-2043,Life Physical And Social Science,Bachelor's degree,92060.0,6300.0,0.0,Little or no change,0.531,0.5,0.641,High,Oral Comprehension,Verbal,Quantitative,3.394,4.0,3.68,3.565,2.88,3.207,2.375,2.565
Insurance sales agents,41-3021,Sales,High school diploma or equivalent,60370.0,568800.0,4.0,As fast as average,0.53,0.576,1.341,High,Oral Comprehension,Verbal,Quantitative,2.945,3.905,3.07,3.06,2.25,2.667,1.5,2.685
Physicists and astronomers,19-2010,Life Physical And Social Science,Doctoral or professional degree,166290.0,26400.0,4.0,As fast as average,0.529,0.594,1.36,High,Mathematical Reasoning,Quantitative,Quantitative,3.594,4.047,3.876,4.188,3.125,3.232,2.315,3.16
Compliance officers,13-1041,Business And Financial,Bachelor's degree,78420.0,418000.0,3.0,As fast as average,0.527,0.526,0.698,High,Written Comprehension,Verbal,Perceptual,3.275,4.005,3.529,2.73,2.705,3.173,2.272,2.907
Instructional coordinators,25-9031,Education Training And Library,Master's degree,74720.0,232600.0,1.0,Slower than average,0.525,0.488,1.302,High,Written Comprehension,Verbal,Memory,3.331,4.266,3.723,2.69,3.0,2.833,2.0,2.97
Zoologists and wildlife biologists,19-1023,Life Physical And Social Science,Bachelor's degree,72860.0,18200.0,2.0,Slower than average,0.524,0.452,0.318,High,Oral Comprehension,Verbal,Attention,3.292,4.06,3.607,3.0,2.25,2.793,2.44,3.065
Court reporters and simultaneous captioners,27-3092,Legal,Postsecondary nondegree award,67310.0,17700.0,0.0,Little or no change,0.521,0.958,1.111,High,Oral Comprehension,Verbal,Attention,3.054,4.095,3.213,1.88,2.75,2.96,1.75,3.19
Accountants and auditors,13-2011,Business And Financial,Bachelor's degree,81680.0,1579800.0,5.0,Faster than average,0.52,0.56,1.482,High,Written Comprehension,Verbal,Quantitative,3.275,3.892,3.536,3.94,2.875,2.96,1.625,2.78
Industrial engineers,17-2112,Architecture And Engineering,Bachelor's degree,101140.0,351100.0,11.0,Much faster than average,0.52,0.554,1.138,High,Written Comprehension,Verbal,Quantitative,3.277,3.921,3.616,3.188,2.5,2.835,2.25,2.965
"Securities, commodities, and financial services sales agents",41-3031,Sales,Bachelor's degree,78140.0,514500.0,3.0,As fast as average,0.519,0.606,1.256,High,Oral Comprehension,Verbal,Quantitative,3.08,3.856,3.447,3.19,2.46,2.64,1.52,2.67
Aerospace engineers,17-2011,Architecture And Engineering,Bachelor's degree,134830.0,71600.0,6.0,Faster than average,0.518,0.571,1.339,High,Written Comprehension,Verbal,Quantitative,3.376,3.94,3.769,3.63,2.62,2.957,2.125,2.875
Property appraisers and assessors,13-2020,Business And Financial,Bachelor's degree,65420.0,77300.0,4.0,As fast as average,0.518,0.531,0.841,High,Oral Comprehension,Verbal,Quantitative,3.09,3.769,3.321,3.122,2.19,2.752,2.125,2.812
Anthropologists and archeologists,19-3091,Life Physical And Social Science,Master's degree,64910.0,8800.0,4.0,As fast as average,0.517,0.44,0.697,High,Written Comprehension,Verbal,Reasoning,3.366,4.203,3.785,2.815,2.88,3.022,2.155,2.75
Preschool and childcare center directors,11-9031,Management,Bachelor's degree,56270.0,90200.0,-3.0,Decline,0.516,0.469,0.838,High,Written Expression,Verbal,Memory,3.221,4.03,3.609,2.815,3.0,2.75,1.69,3.0
Surveying and mapping technicians,17-3031,Architecture And Engineering,High school diploma or equivalent,51940.0,59400.0,5.0,Faster than average,0.511,0.5,0.085,High,Written Comprehension,Verbal,Quantitative,3.073,3.371,3.187,3.28,2.62,2.958,2.53,2.812
Mechanical engineers,17-2141,Architecture And Engineering,Bachelor's degree,102320.0,293100.0,9.0,Much faster than average,0.501,0.531,1.005,High,Written Comprehension,Verbal,Quantitative,3.368,3.823,3.685,3.625,2.62,3.001,2.482,2.897
Management analysts,13-1111,Business And Financial,Bachelor's degree,101190.0,1075100.0,9.0,Much faster than average,0.5,0.405,1.432,High,Oral Comprehension,Verbal,Verbal,3.231,4.25,3.713,2.94,2.62,2.583,1.625,2.685
Librarians and library media specialists,25-4022,Education Training And Library,Master's degree,64320.0,142100.0,2.0,Slower than average,0.5,0.535,1.037,High,Oral Expression,Verbal,Memory,3.108,3.91,3.429,2.31,2.88,2.957,1.625,3.0
Historians,19-3093,Life Physical And Social Science,Master's degree,74050.0,3400.0,2.0,Slower than average,0.5,0.474,1.099,High,Written Comprehension,Verbal,Verbal,2.905,4.25,3.359,1.81,2.25,2.167,1.5,2.56
Mining and geological engineers,17-2151,Architecture And Engineering,Bachelor's degree,101020.0,7000.0,1.0,Slower than average,0.5,0.481,1.347,High,Oral Comprehension,Verbal,Quantitative,3.53,4.0,3.893,3.63,2.75,3.247,2.63,2.94
Environmental engineers,17-2081,Architecture And Engineering,Bachelor's degree,104170.0,39400.0,4.0,As fast as average,0.5,0.556,1.344,High,Written Comprehension,Verbal,Quantitative,3.458,4.109,3.768,3.595,2.75,3.063,2.438,2.905
Health education specialists,21-1091,Community And Social Service,Bachelor's degree,63000.0,71800.0,4.0,As fast as average,0.5,0.532,0.692,High,Oral Expression,Verbal,Verbal,2.965,4.095,3.339,2.12,2.0,2.377,1.88,2.69
Insurance underwriters,13-2053,Business And Financial,Bachelor's degree,79880.0,127000.0,-3.0,Decline,0.5,0.571,1.327,High,Written Comprehension,Verbal,Quantitative,2.918,3.688,3.251,2.815,2.12,2.583,1.5,2.63
General office clerks,43-9061,Office And Administrative Support,High school diploma or equivalent,43630.0,2646000.0,-7.0,Decline,0.5,0.576,0.989,High,Oral Expression,Verbal,Attention,2.808,3.75,2.873,2.685,2.12,2.453,1.56,2.94
"Claims adjusters, appraisers, examiners, and investigators",13-1030,Business And Financial,See How to Become One,76790.0,365300.0,-5.0,Decline,0.495,0.51,0.969,High,Oral Comprehension,Verbal,Verbal,3.031,3.889,3.205,2.874,2.185,2.698,2.062,2.749
Drafters,17-3010,Architecture And Engineering,Associate's degree,65380.0,192100.0,0.0,Little or no change,0.492,0.538,0.892,High,Oral Comprehension,Verbal,Spatial,2.984,3.515,3.16,2.979,2.21,2.73,2.372,2.688
Psychologists,19-3030,Life Physical And Social Science,See How to Become One,94310.0,204300.0,6.0,Faster than average,0.49,0.426,1.416,High,Written Comprehension,Verbal,Reasoning,3.384,4.301,3.86,2.916,2.76,2.954,1.868,2.827
Fundraisers,13-1131,Business And Financial,Bachelor's degree,66490.0,134400.0,4.0,As fast as average,0.49,0.519,1.243,High,Oral Expression,Verbal,Verbal,3.047,4.062,3.446,2.685,2.38,2.29,1.685,2.815
Natural sciences managers,11-9121,Management,Bachelor's degree,161180.0,104300.0,4.0,As fast as average,0.487,0.531,1.328,High,Written Comprehension,Verbal,Verbal,3.212,4.03,3.578,3.127,2.54,2.722,1.873,2.792
Desktop publishers,43-9031,Office And Administrative Support,Associate's degree,53620.0,5000.0,-12.0,Decline,0.484,0.645,0.344,High,Information Ordering,Reasoning,Spatial,3.256,3.562,3.643,2.44,2.5,3.25,2.81,2.94
Sales managers,11-2022,Management,Bachelor's degree,138060.0,619500.0,5.0,Faster than average,0.483,0.45,1.266,High,Oral Comprehension,Verbal,Memory,3.22,3.97,3.626,3.12,3.0,2.667,1.94,2.62
Cost estimators,13-1051,Business And Financial,Bachelor's degree,77070.0,221400.0,-4.0,Decline,0.481,0.5,1.368,High,Oral Comprehension,Verbal,Quantitative,3.173,3.875,3.376,4.0,2.0,2.837,1.935,2.56
Geoscientists,19-2042,Life Physical And Social Science,Bachelor's degree,99240.0,25100.0,3.0,As fast as average,0.478,0.467,0.714,High,Inductive Reasoning,Reasoning,Quantitative,3.35,4.0,3.749,3.435,2.38,2.913,2.44,2.625
Training and development managers,11-3131,Management,Bachelor's degree,127090.0,46400.0,6.0,Faster than average,0.477,0.5,1.284,High,Oral Expression,Verbal,Reasoning,3.276,4.03,3.824,2.88,2.88,2.71,1.875,2.69
Civil engineering technologists and technicians,17-3022,Architecture And Engineering,Associate's degree,64200.0,64900.0,2.0,Slower than average,0.477,0.591,0.932,High,Oral Comprehension,Verbal,Quantitative,3.269,3.782,3.377,3.69,2.25,3.0,2.81,2.81
Postsecondary education administrators,11-9033,Management,Master's degree,103960.0,226600.0,2.0,Slower than average,0.476,0.439,1.461,High,Written Comprehension,Verbal,Reasoning,3.345,4.09,3.857,2.88,2.75,2.873,1.81,3.065
Nuclear engineers,17-2161,Architecture And Engineering,Bachelor's degree,127520.0,15400.0,-1.0,Decline,0.475,0.55,1.303,High,Problem Sensitivity,Reasoning,Reasoning,3.487,4.09,3.876,3.56,2.75,3.167,2.12,3.065
Special effects artists and animators,27-1014,Arts And Design,Bachelor's degree,99800.0,57100.0,2.0,Slower than average,0.475,0.525,0.706,High,Written Comprehension,Verbal,Spatial,3.12,3.782,3.394,2.56,2.5,2.71,2.435,3.0
Lawyers,23-1011,Legal,Doctoral or professional degree,151160.0,864800.0,4.0,As fast as average,0.475,0.425,1.329,High,Oral Expression,Verbal,Verbal,3.363,4.5,3.84,2.5,2.88,2.707,1.75,3.125
"Compensation, benefits, and job analysis specialists",13-1141,Business And Financial,Bachelor's degree,77020.0,107000.0,5.0,Faster than average,0.474,0.474,1.441,High,Oral Expression,Verbal,Quantitative,2.994,3.752,3.286,2.94,2.38,2.83,1.5,2.56
"Transportation, storage, and distribution managers",11-3071,Management,High school diploma or equivalent,102010.0,216700.0,6.0,Faster than average,0.473,0.487,0.891,High,Oral Comprehension,Verbal,Quantitative,3.158,3.939,3.489,3.042,2.457,2.681,2.065,2.71
Rehabilitation counselors,21-1015,Community And Social Service,Master's degree,46110.0,91900.0,1.0,Slower than average,0.468,0.355,0.503,High,Oral Comprehension,Verbal,Verbal,2.958,4.0,3.284,2.06,2.38,2.707,1.5,2.75
Dietitians and nutritionists,29-1031,Healthcare,Bachelor's degree,73850.0,90900.0,6.0,Faster than average,0.463,0.549,1.343,High,Oral Comprehension,Verbal,Memory,3.245,4.0,3.714,2.94,2.88,2.627,1.81,2.94
Compensation and benefits managers,11-3111,Management,Bachelor's degree,140360.0,20900.0,0.0,Little or no change,0.461,0.513,1.298,High,Oral Comprehension,Verbal,Verbal,2.928,4.0,3.196,3.0,2.12,2.377,1.5,2.435
Cartographers and photogrammetrists,17-1021,Architecture And Engineering,Bachelor's degree,78380.0,13400.0,6.0,Faster than average,0.46,0.52,0.817,High,Written Comprehension,Verbal,Perceptual,3.107,3.72,3.23,2.94,2.5,3.043,2.315,2.81
Chemists and materials scientists,19-2030,Life Physical And Social Science,Bachelor's degree,86620.0,95500.0,5.0,Faster than average,0.459,0.431,0.767,High,Written Comprehension,Verbal,Quantitative,3.321,3.952,3.651,3.438,2.69,2.917,2.125,2.902
Audiologists,29-1181,Healthcare,Doctoral or professional degree,92120.0,15800.0,9.0,Much faster than average,0.455,0.455,0.633,High,Oral Comprehension,Verbal,Memory,3.154,3.938,3.5,2.5,2.75,2.96,1.87,2.81
"Elementary, middle, and high school principals",11-9032,Management,Master's degree,104070.0,333300.0,-2.0,Decline,0.455,0.418,1.049,Medium,Oral Comprehension,Verbal,Reasoning,3.441,4.315,3.946,3.0,2.88,2.917,1.875,3.0
Civil engineers,17-2051,Architecture And Engineering,Bachelor's degree,99590.0,368900.0,5.0,Faster than average,0.455,0.482,1.283,High,Deductive Reasoning,Reasoning,Quantitative,3.524,3.97,3.831,3.812,2.75,3.145,2.812,2.938
Financial managers,11-3031,Management,Bachelor's degree,161700.0,868600.0,15.0,Much faster than average,0.454,0.485,1.446,Medium,Oral Expression,Verbal,Quantitative,3.283,3.985,3.633,3.593,2.875,2.877,1.655,2.782
Administrative services and facilities managers,11-3010,Management,Bachelor's degree,106880.0,422600.0,4.0,As fast as average,0.452,0.396,0.74,Medium,Oral Comprehension,Verbal,Attention,3.106,3.97,3.283,2.685,2.62,2.583,2.19,3.12
Human resources managers,11-3121,Management,Bachelor's degree,140030.0,221900.0,5.0,Faster than average,0.45,0.48,1.32,Medium,Oral Comprehension,Verbal,Memory,3.257,4.155,3.629,3.0,2.88,2.79,1.69,2.87
Paralegals and legal assistants,23-2011,Legal,Associate's degree,61010.0,376200.0,0.0,Little or no change,0.45,0.525,1.292,Medium,Written Comprehension,Verbal,Verbal,2.922,4.03,3.18,2.06,2.62,2.667,1.56,2.565
Probation officers and correctional treatment specialists,21-1092,Community And Social Service,Bachelor's degree,64520.0,92300.0,3.0,As fast as average,0.447,0.395,0.527,Medium,Problem Sensitivity,Reasoning,Verbal,2.815,3.81,3.286,1.88,2.12,2.207,1.565,2.625
Social and community service managers,11-9151,Management,Bachelor's degree,78240.0,219800.0,6.0,Faster than average,0.446,0.393,1.156,Medium,Oral Expression,Verbal,Verbal,3.239,4.095,3.643,2.88,2.75,2.79,1.75,2.88
Labor relations specialists,13-1075,Business And Financial,Bachelor's degree,93500.0,65400.0,0.0,Little or no change,0.443,0.547,1.335,Medium,Oral Expression,Verbal,Verbal,3.167,4.158,3.519,2.685,2.5,2.667,1.75,2.935
Biochemists and biophysicists,19-1021,Life Physical And Social Science,Doctoral or professional degree,103650.0,35600.0,6.0,Faster than average,0.443,0.455,0.906,Medium,Written Comprehension,Verbal,Reasoning,3.5,4.03,3.964,3.565,3.0,3.207,2.19,2.75
Producers and directors,27-2012,Entertainment And Sports,Bachelor's degree,83480.0,167000.0,5.0,Faster than average,0.437,0.47,0.939,Medium,Oral Comprehension,Verbal,Attention,3.199,4.032,3.616,2.449,2.548,2.658,2.05,3.112
Environmental engineering technologists and technicians,17-3025,Architecture And Engineering,Associate's degree,58890.0,12900.0,1.0,Slower than average,0.434,0.408,0.044,Medium,Written Comprehension,Verbal,Memory,3.269,3.72,3.626,3.0,2.75,2.917,2.44,3.0
"Property, real estate, and community association managers",11-9141,Management,High school diploma or equivalent,66700.0,466100.0,4.0,As fast as average,0.432,0.443,1.215,Medium,Oral Comprehension,Verbal,Verbal,2.988,3.938,3.339,2.685,2.12,2.333,1.875,2.69
Petroleum engineers,17-2171,Architecture And Engineering,Bachelor's degree,141280.0,19600.0,1.0,Slower than average,0.431,0.528,1.248,Medium,Written Comprehension,Verbal,Attention,3.41,4.123,3.714,3.25,2.62,2.96,2.315,3.25
Art directors,27-1011,Arts And Design,Bachelor's degree,111040.0,135000.0,4.0,As fast as average,0.431,0.5,1.023,Medium,Fluency of Ideas,Reasoning,Reasoning,3.25,3.845,3.803,2.565,2.62,2.837,2.31,2.69
Architects,17-1011,Architecture And Engineering,Bachelor's degree,96690.0,123600.0,4.0,As fast as average,0.43,0.488,1.047,Medium,Visualization,Spatial,Spatial,3.607,3.97,3.981,3.44,2.75,3.417,3.185,2.875
Bill and account collectors,43-3011,Office And Administrative Support,High school diploma or equivalent,46040.0,166900.0,-10.0,Decline,0.429,0.696,1.272,Medium,Oral Comprehension,Verbal,Quantitative,2.72,3.655,2.806,2.685,2.12,2.333,1.56,2.625
Electrical and electronics engineers,17-2070,Architecture And Engineering,Bachelor's degree,118780.0,287900.0,7.0,Much faster than average,0.427,0.591,0.896,Medium,Oral Comprehension,Verbal,Quantitative,3.267,3.876,3.698,3.285,2.528,2.698,2.122,2.894
Pharmacy technicians,29-2052,Healthcare,High school diploma or equivalent,43460.0,490400.0,6.0,Faster than average,0.426,0.426,0.007,Medium,Oral Comprehension,Verbal,Quantitative,2.983,3.66,3.124,3.12,2.25,2.793,1.69,2.94
Adult basic and secondary education and ESL teachers,25-3011,Education Training And Library,Bachelor's degree,59950.0,40900.0,-14.0,Decline,0.426,0.404,1.349,Medium,Oral Expression,Verbal,Verbal,3.06,4.032,3.233,2.88,2.75,2.747,1.5,2.875
Conservation scientists and foresters,19-1030,Life Physical And Social Science,Bachelor's degree,69060.0,42400.0,3.0,As fast as average,0.424,0.404,-0.058,Medium,Oral Comprehension,Verbal,Spatial,3.25,3.938,3.533,2.802,2.438,2.828,2.692,2.928
Environmental science and protection technicians,19-4042,Life Physical And Social Science,Associate's degree,49490.0,40400.0,4.0,As fast as average,0.422,0.456,0.083,Medium,Written Comprehension,Verbal,Spatial,3.019,3.657,3.244,2.81,2.31,2.75,2.22,2.72
Surveyors,17-1022,Architecture And Engineering,Bachelor's degree,72740.0,56100.0,4.0,As fast as average,0.42,0.51,0.146,Medium,Mathematical Reasoning,Quantitative,Quantitative,3.447,3.907,3.501,4.032,2.88,3.187,2.968,2.905
"Archivists, curators, and museum workers",25-4010,Education Training And Library,See How to Become One,57100.0,40200.0,6.0,Faster than average,0.418,0.412,0.441,Medium,Oral Comprehension,Verbal,Memory,3.056,3.782,3.417,2.46,2.583,2.583,2.147,2.79
Real estate brokers and sales agents,41-9020,Sales,High school diploma or equivalent,58960.0,532200.0,3.0,As fast as average,0.416,0.469,1.007,Medium,Oral Comprehension,Verbal,Verbal,2.886,3.812,3.089,2.688,2.25,2.415,2.062,2.375
Industrial designers,27-1021,Arts And Design,Bachelor's degree,79450.0,30600.0,3.0,As fast as average,0.414,0.466,0.867,Medium,Oral Comprehension,Verbal,Spatial,3.161,3.625,3.554,2.69,2.5,2.75,2.5,2.935
Graphic designers,27-1024,Arts And Design,Bachelor's degree,61300.0,265900.0,2.0,Slower than average,0.411,0.5,0.716,Medium,Originality,Reasoning,Spatial,2.946,3.688,3.391,2.0,2.0,2.497,2.19,2.75
Athletic trainers,29-9091,Healthcare,Master's degree,60250.0,33900.0,11.0,Much faster than average,0.407,0.279,-0.331,Medium,Problem Sensitivity,Reasoning,Reasoning,3.142,3.843,3.589,2.0,2.62,2.96,2.0,3.0
Marine engineers and naval architects,17-2121,Architecture And Engineering,Bachelor's degree,105670.0,8500.0,6.0,Faster than average,0.404,0.421,0.547,Medium,Written Comprehension,Verbal,Quantitative,3.424,3.94,3.742,3.625,2.63,2.917,2.78,2.875
Pharmacists,29-1051,Healthcare,Doctoral or professional degree,137480.0,335100.0,5.0,Faster than average,0.4,0.429,0.606,Medium,Oral Comprehension,Verbal,Attention,3.316,4.125,3.609,3.315,2.75,2.833,1.81,3.19
Construction managers,11-9021,Management,Bachelor's degree,106980.0,550300.0,9.0,Much faster than average,0.4,0.444,1.029,Medium,Problem Sensitivity,Reasoning,Spatial,3.303,3.785,3.57,3.12,2.5,3.04,2.75,2.94
Project management specialists,13-1082,Business And Financial,Bachelor's degree,100750.0,1046300.0,6.0,Faster than average,0.4,0.55,1.297,Medium,Written Comprehension,Verbal,Quantitative,3.293,3.905,3.625,3.417,2.75,2.848,2.123,2.897
Models,41-9012,Sales,No formal educational credential,89990.0,6700.0,-1.0,Decline,0.4,0.233,-1.122,Medium,Oral Comprehension,Verbal,Spatial,2.103,2.69,2.343,1.5,1.63,1.377,1.875,2.25
Food service managers,11-9051,Management,High school diploma or equivalent,65310.0,352800.0,6.0,Faster than average,0.396,0.417,-0.121,Medium,Oral Comprehension,Verbal,Quantitative,3.012,3.782,3.214,2.94,2.62,2.623,1.69,2.94
Chemical technicians,19-4031,Life Physical And Social Science,Associate's degree,57790.0,57000.0,4.0,As fast as average,0.393,0.393,0.063,Medium,Oral Comprehension,Verbal,Memory,3.15,3.69,3.483,2.94,2.75,2.96,2.0,2.75
Speech-language pathologists,29-1127,Healthcare,Master's degree,95410.0,187400.0,15.0,Much faster than average,0.39,0.451,1.146,Medium,Oral Comprehension,Verbal,Reasoning,3.238,4.002,3.75,2.435,2.62,2.957,1.81,2.875
Private detectives and investigators,33-9021,Protective Service,High school diploma or equivalent,52370.0,43600.0,6.0,Faster than average,0.389,0.389,0.748,Medium,Inductive Reasoning,Reasoning,Attention,3.173,3.94,3.517,2.44,2.12,3.0,2.065,3.065
Entertainment and recreation managers,11-9072,Management,Bachelor's degree,77180.0,43200.0,8.0,Much faster than average,0.382,0.353,0.83,Medium,Oral Comprehension,Verbal,Attention,3.209,3.78,3.431,3.06,2.88,3.08,1.815,3.185
Fire inspectors,33-2020,Protective Service,See How to Become One,75480.0,17600.0,6.0,Faster than average,0.38,0.254,-0.076,Medium,Problem Sensitivity,Reasoning,Perceptual,3.248,3.752,3.563,2.486,2.28,3.334,2.611,2.891
Lodging managers,11-9081,Management,High school diploma or equivalent,68130.0,52000.0,3.0,As fast as average,0.38,0.457,0.402,Medium,Oral Expression,Verbal,Verbal,3.303,4.03,3.606,3.065,2.62,2.92,2.31,2.94
Geographers,19-3092,Life Physical And Social Science,Bachelor's degree,97200.0,1500.0,-3.0,Decline,0.375,0.5,1.436,Medium,Oral Comprehension,Verbal,Reasoning,3.244,4.0,3.697,3.0,2.62,2.75,1.94,2.75
Fashion designers,27-1022,Arts And Design,Bachelor's degree,80690.0,25700.0,2.0,Slower than average,0.375,0.391,0.58,Medium,Oral Expression,Verbal,Reasoning,3.247,3.91,3.753,2.315,2.25,2.793,2.505,3.0
Social and human service assistants,21-1093,Community And Social Service,High school diploma or equivalent,45120.0,449600.0,6.0,Faster than average,0.375,0.393,0.465,Medium,Oral Expression,Verbal,Memory,2.989,3.812,3.18,2.25,2.75,2.75,2.065,2.815
Tour and travel guides,39-7010,Personal Care And Service,High school diploma or equivalent,36660.0,55800.0,8.0,Much faster than average,0.373,0.325,0.483,Medium,Oral Comprehension,Verbal,Spatial,2.79,3.486,2.931,2.312,2.5,2.313,2.312,2.72
Medical and health services managers,11-9111,Management,Bachelor's degree,117960.0,616200.0,23.0,Much faster than average,0.371,0.429,1.26,Medium,Oral Expression,Verbal,Verbal,3.197,4.25,3.626,2.88,2.62,2.497,1.56,2.88
"Arbitrators, mediators, and conciliators",23-1022,Legal,Bachelor's degree,67710.0,9100.0,4.0,As fast as average,0.371,0.5,1.432,Medium,Oral Comprehension,Verbal,Verbal,3.006,4.0,3.427,2.0,2.25,2.67,1.625,2.81
Industrial engineering technologists and technicians,17-3026,Architecture And Engineering,Associate's degree,64790.0,74600.0,2.0,Slower than average,0.368,0.419,0.611,Medium,Oral Comprehension,Verbal,Attention,3.25,3.625,3.609,3.12,2.62,2.957,2.315,3.065
Landscape architects,17-1012,Architecture And Engineering,Bachelor's degree,79660.0,21800.0,3.0,As fast as average,0.368,0.421,1.034,Medium,Oral Comprehension,Verbal,Spatial,3.346,4.03,3.787,3.0,2.38,2.623,2.69,3.0
"Meeting, convention, and event planners",13-1121,Business And Financial,Bachelor's degree,59440.0,155800.0,5.0,Faster than average,0.365,0.486,0.374,Medium,Oral Comprehension,Verbal,Attention,3.256,4.0,3.624,2.94,2.38,2.667,2.31,3.06
Recreational therapists,29-1125,Healthcare,Bachelor's degree,60280.0,16100.0,3.0,As fast as average,0.364,0.318,0.219,Medium,Oral Expression,Verbal,Attention,3.116,3.969,3.559,2.142,2.46,2.638,1.957,3.04
Interior designers,27-1025,Arts And Design,Bachelor's degree,63490.0,87100.0,3.0,As fast as average,0.362,0.5,1.122,Medium,Originality,Reasoning,Spatial,3.31,3.938,3.643,2.94,2.38,2.753,2.875,3.0
Cashiers,41-2011,Sales,No formal educational credential,31190.0,3157200.0,-10.0,Decline,0.36,0.209,-0.248,Medium,Oral Expression,Verbal,Memory,2.679,3.31,2.68,2.94,2.75,2.29,1.5,2.875
Set and exhibit designers,27-1027,Arts And Design,Bachelor's degree,66280.0,31300.0,2.0,Slower than average,0.359,0.391,-0.052,Medium,Fluency of Ideas,Reasoning,Spatial,3.416,3.815,3.747,3.06,2.62,3.083,3.06,3.065
Social workers,21-1020,Community And Social Service,See How to Become One,61330.0,810900.0,6.0,Faster than average,0.359,0.286,0.943,Medium,Oral Expression,Verbal,Verbal,3.186,4.165,3.624,2.143,2.793,2.82,1.728,2.938
Community health workers,21-1094,Community And Social Service,High school diploma or equivalent,51030.0,65100.0,11.0,Much faster than average,0.347,0.319,0.037,Medium,Oral Comprehension,Verbal,Verbal,3.048,4.0,3.321,2.25,2.5,2.54,2.125,2.94
Chemical engineers,17-2041,Architecture And Engineering,Bachelor's degree,121860.0,21600.0,3.0,As fast as average,0.346,0.462,1.341,Medium,Written Comprehension,Verbal,Quantitative,3.476,3.78,3.911,3.875,2.75,3.293,2.185,2.875
Middle school teachers,25-2022,Education Training And Library,Bachelor's degree,62970.0,633700.0,-2.0,Decline,0.341,0.348,1.286,Medium,Oral Expression,Verbal,Memory,3.149,4.0,3.41,2.88,2.75,2.79,1.81,2.875
Occupational therapists,29-1122,Healthcare,Master's degree,98340.0,160000.0,14.0,Much faster than average,0.341,0.289,0.115,Medium,Problem Sensitivity,Reasoning,Attention,3.196,3.938,3.553,2.405,2.375,2.938,2.22,3.032
High school teachers,25-2031,Education Training And Library,Bachelor's degree,64580.0,1094500.0,-2.0,Decline,0.341,0.333,1.191,Medium,Oral Expression,Verbal,Memory,3.28,4.062,3.64,2.875,3.0,2.88,1.94,2.94
Physical therapists,29-1123,Healthcare,Doctoral or professional degree,101020.0,267200.0,11.0,Much faster than average,0.34,0.191,-0.358,Medium,Oral Comprehension,Verbal,Verbal,3.213,4.0,3.571,2.56,2.5,2.913,2.12,2.94
Exercise physiologists,29-1128,Healthcare,Bachelor's degree,58160.0,23900.0,9.0,Much faster than average,0.34,0.26,-0.033,Medium,Oral Comprehension,Verbal,Verbal,3.185,4.03,3.627,2.88,2.62,2.54,1.935,2.75
Childcare workers,39-9011,Personal Care And Service,High school diploma or equivalent,32050.0,991600.0,-3.0,Decline,0.34,0.141,-0.383,Medium,Oral Comprehension,Verbal,Memory,2.931,3.516,3.231,1.875,2.685,2.667,2.22,3.0
Registered nurses,29-1141,Healthcare,Bachelor's degree,93600.0,3391000.0,5.0,Faster than average,0.335,0.38,0.229,Medium,Problem Sensitivity,Reasoning,Memory,3.303,4.018,3.654,2.765,2.926,3.059,1.898,3.137
Agricultural engineers,17-2021,Architecture And Engineering,Bachelor's degree,84630.0,1700.0,6.0,Faster than average,0.333,0.426,0.941,Medium,Oral Comprehension,Verbal,Spatial,3.411,4.03,3.787,3.38,2.25,2.837,2.685,3.06
Tellers,43-3071,Office And Administrative Support,High school diploma or equivalent,39340.0,347400.0,-13.0,Decline,0.333,0.542,0.473,Medium,Oral Comprehension,Verbal,Quantitative,2.982,3.595,3.07,3.5,2.12,2.793,1.56,3.065
Architectural and engineering managers,11-9041,Management,Bachelor's degree,167740.0,212500.0,4.0,As fast as average,0.331,0.443,0.837,Medium,Written Comprehension,Verbal,Quantitative,3.381,4.016,3.732,3.405,2.685,2.96,2.188,3.032
Electrical and electronic engineering technologists and technicians,17-3023,Architecture And Engineering,Associate's degree,77180.0,93700.0,1.0,Slower than average,0.33,0.406,0.352,Medium,Problem Sensitivity,Reasoning,Perceptual,3.106,3.499,3.428,2.75,2.56,2.977,2.218,2.902
Industrial production managers,11-3051,Management,Bachelor's degree,121440.0,241900.0,2.0,Slower than average,0.33,0.406,0.509,Medium,Oral Comprehension,Verbal,Perceptual,3.271,3.915,3.503,3.124,2.665,3.062,2.187,3.021
Film and video editors and camera operators,27-4030,Media And Communication,Bachelor's degree,70570.0,79900.0,3.0,As fast as average,0.327,0.476,0.269,Medium,Oral Comprehension,Verbal,Spatial,3.02,3.39,3.322,2.185,2.25,2.853,2.655,3.062
School and career counselors and advisors,21-1012,Community And Social Service,Master's degree,65140.0,376300.0,4.0,As fast as average,0.325,0.289,0.974,Medium,Oral Expression,Verbal,Verbal,3.167,4.123,3.573,2.375,2.62,2.627,1.81,3.065
"Substance abuse, behavioral disorder, and mental health counselors",21-1018,Community And Social Service,Master's degree,59190.0,483500.0,17.0,Much faster than average,0.325,0.242,1.043,Medium,Oral Comprehension,Verbal,Verbal,3.147,4.136,3.589,2.147,2.65,2.733,1.662,2.977
Chiropractors,29-1011,Healthcare,Doctoral or professional degree,79000.0,57200.0,10.0,Much faster than average,0.318,0.455,-0.191,Medium,Oral Comprehension,Verbal,Memory,3.173,3.97,3.536,2.375,2.75,2.96,1.94,2.875
Computer hardware engineers,17-2061,Architecture And Engineering,Bachelor's degree,155020.0,76800.0,7.0,Much faster than average,0.318,0.727,1.142,Medium,Oral Comprehension,Verbal,Reasoning,3.119,3.845,3.624,2.875,2.5,2.5,2.0,2.5
Materials engineers,17-2131,Architecture And Engineering,Bachelor's degree,108310.0,23000.0,6.0,Faster than average,0.317,0.488,1.037,Medium,Oral Comprehension,Verbal,Quantitative,3.28,3.94,3.641,3.435,2.38,2.913,2.19,2.625
Mechanical engineering technologists and technicians,17-3027,Architecture And Engineering,Associate's degree,68730.0,38300.0,0.0,Little or no change,0.315,0.379,-0.119,Medium,Written Comprehension,Verbal,Spatial,3.235,3.689,3.492,3.062,2.5,2.955,2.625,2.998
"Bookkeeping, accounting, and auditing clerks",43-3031,Office And Administrative Support,"Some college, no degree",49210.0,1613400.0,-6.0,Decline,0.314,0.802,1.04,Medium,Oral Comprehension,Verbal,Quantitative,2.881,3.75,2.837,3.69,2.38,2.627,1.5,2.5
Microbiologists,19-1022,Life Physical And Social Science,Bachelor's degree,87330.0,20700.0,4.0,As fast as average,0.312,0.396,0.696,Medium,Written Comprehension,Verbal,Reasoning,3.44,4.093,3.911,3.0,2.62,3.253,2.0,3.06
Preschool teachers,25-2011,Education Training And Library,Associate's degree,37120.0,555100.0,4.0,As fast as average,0.311,0.227,0.031,Medium,Oral Expression,Verbal,Attention,3.185,3.782,3.571,2.375,2.75,2.873,2.13,3.185
Special education teachers,25-2050,Education Training And Library,Bachelor's degree,64270.0,559500.0,-1.0,Decline,0.31,0.308,0.54,Medium,Oral Expression,Verbal,Memory,3.178,4.024,3.506,2.641,2.782,2.77,1.812,3.048
Agricultural and food science technicians,19-4010,Life Physical And Social Science,Associate's degree,48480.0,38900.0,5.0,Faster than average,0.31,0.383,0.096,Medium,Oral Comprehension,Verbal,Quantitative,3.068,3.67,3.25,3.093,2.25,2.79,2.188,2.907
Air traffic controllers,53-2021,Transportation And Material Moving,Associate's degree,144580.0,24100.0,1.0,Slower than average,0.307,0.341,1.153,Medium,Problem Sensitivity,Reasoning,Attention,3.81,4.125,3.966,3.06,3.0,4.207,2.69,4.31
Medical dosimetrists,29-2036,Healthcare,Bachelor's degree,138110.0,4800.0,3.0,As fast as average,0.3,0.45,-0.18,Medium,Oral Comprehension,Verbal,Perceptual,3.084,3.831,3.304,2.521,2.45,3.0,1.963,2.95
Teacher assistants,25-9045,Education Training And Library,"Some college, no degree",35240.0,1422800.0,-1.0,Decline,0.299,0.388,0.452,Medium,Oral Comprehension,Verbal,Attention,2.68,3.378,2.947,1.88,2.25,2.29,1.685,2.94
Diagnostic medical sonographers,29-2032,Healthcare,Associate's degree,89340.0,90000.0,13.0,Much faster than average,0.289,0.303,-0.264,Medium,Oral Comprehension,Verbal,Perceptual,3.072,3.878,3.286,2.185,2.38,3.127,2.0,2.94
Podiatrists,29-1081,Healthcare,Doctoral or professional degree,152800.0,9700.0,2.0,Slower than average,0.286,0.286,0.628,Medium,Problem Sensitivity,Reasoning,Perceptual,3.309,4.0,3.64,2.815,2.75,3.247,2.06,2.88
Nuclear technicians,19-4051,Life Physical And Social Science,Associate's degree,104240.0,6000.0,-8.0,Decline,0.284,0.185,0.17,Medium,Problem Sensitivity,Reasoning,Attention,3.325,3.719,3.536,3.06,2.685,3.397,2.22,3.378
Construction and building inspectors,47-4011,Construction And Extraction,High school diploma or equivalent,72120.0,147600.0,-1.0,Decline,0.282,0.334,0.286,Medium,Problem Sensitivity,Reasoning,Spatial,3.257,3.815,3.519,2.94,2.5,3.04,2.625,2.875
Music directors and composers,27-2041,Entertainment And Sports,Bachelor's degree,63670.0,47300.0,0.0,Little or no change,0.281,0.711,0.883,Medium,Originality,Reasoning,Memory,2.995,3.549,3.421,2.095,2.81,2.833,1.842,2.782
Security guards and gambling surveillance officers,33-9030,Protective Service,High school diploma or equivalent,38390.0,1272400.0,0.0,Little or no change,0.281,0.302,0.169,Medium,Problem Sensitivity,Reasoning,Attention,2.84,3.329,2.956,1.91,2.125,3.083,1.935,3.28
Marriage and family therapists,21-1013,Community And Social Service,Master's degree,63780.0,77800.0,13.0,Much faster than average,0.278,0.111,1.367,Medium,Oral Comprehension,Verbal,Reasoning,3.261,4.125,3.766,2.12,2.88,2.997,1.625,3.13
Medical equipment repairers,49-9062,Installation Maintenance And Repair,Associate's degree,62630.0,68000.0,13.0,Much faster than average,0.273,0.303,-0.277,Medium,Problem Sensitivity,Reasoning,Memory,3.036,3.125,3.306,2.94,3.0,3.04,2.5,2.56
Floral designers,27-1023,Arts And Design,High school diploma or equivalent,36120.0,43800.0,-6.0,Decline,0.267,0.2,-0.272,Low,Oral Comprehension,Verbal,Spatial,2.875,3.47,3.233,2.185,2.0,2.25,2.75,2.625
Calibration technologists and technicians,17-3028,Installation Maintenance And Repair,Associate's degree,65040.0,15800.0,5.0,Faster than average,0.267,0.4,0.263,Low,Problem Sensitivity,Reasoning,Spatial,3.214,3.655,3.471,3.043,2.574,3.005,2.466,2.988
Biological technicians,19-4021,Life Physical And Social Science,Bachelor's degree,52000.0,82700.0,3.0,As fast as average,0.267,0.417,0.301,Low,Oral Comprehension,Verbal,Perceptual,3.16,3.718,3.447,3.0,2.5,2.957,2.06,2.94
Chefs and head cooks,35-1011,Food Preparation And Serving,High school diploma or equivalent,60990.0,197300.0,7.0,Much faster than average,0.262,0.262,-0.268,Low,Oral Comprehension,Verbal,Quantitative,3.106,3.56,3.446,3.12,2.62,2.71,1.94,3.0
Nuclear medicine technologists,29-2033,Healthcare,Associate's degree,97020.0,20000.0,3.0,As fast as average,0.258,0.29,0.086,Low,Oral Comprehension,Verbal,Memory,3.131,3.812,3.359,3.12,2.75,2.833,1.94,2.815
Postal service workers,43-5050,Office And Administrative Support,No formal educational credential,57870.0,500000.0,-5.0,Decline,0.25,0.215,-0.923,Low,Oral Comprehension,Verbal,Perceptual,2.603,3.074,2.713,2.228,2.163,2.61,1.79,2.668
Licensed practical and licensed vocational nurses,29-2061,Healthcare,Postsecondary nondegree award,62340.0,651400.0,3.0,As fast as average,0.25,0.25,-0.514,Low,Oral Comprehension,Verbal,Attention,3.155,3.845,3.393,2.815,2.75,2.96,1.81,3.12
Recreation workers,39-9032,Personal Care And Service,High school diploma or equivalent,35380.0,327700.0,4.0,As fast as average,0.25,0.238,-0.244,Low,Oral Comprehension,Verbal,Attention,2.89,3.625,3.193,2.185,2.0,2.62,1.81,3.0
"Farmers, ranchers, and other agricultural managers",11-9013,Management,High school diploma or equivalent,87980.0,836100.0,-1.0,Decline,0.245,0.367,-0.144,Low,Oral Comprehension,Verbal,Spatial,3.184,3.823,3.501,2.835,2.377,2.752,2.44,2.938
Opticians,29-2081,Healthcare,High school diploma or equivalent,46560.0,79900.0,3.0,As fast as average,0.238,0.286,0.101,Low,Oral Comprehension,Verbal,Verbal,2.994,3.875,3.123,2.75,2.38,2.623,1.94,2.94
Fitness trainers and instructors,39-9031,Personal Care And Service,High school diploma or equivalent,46180.0,370100.0,12.0,Much faster than average,0.235,0.015,-2.112,Low,Oral Expression,Verbal,Spatial,2.625,3.157,2.983,1.62,2.25,2.167,2.0,2.81
Medical transcriptionists,31-9094,Healthcare,Postsecondary nondegree award,37550.0,43900.0,-5.0,Decline,0.232,0.875,1.063,Low,Oral Comprehension,Verbal,Verbal,2.756,4.03,2.767,1.94,2.38,2.793,1.31,2.56
Veterinarians,29-1131,Healthcare,Doctoral or professional degree,125510.0,86400.0,10.0,Much faster than average,0.23,0.27,-0.075,Low,Problem Sensitivity,Reasoning,Attention,3.214,3.815,3.657,2.88,2.5,2.71,2.0,3.125
Pest control workers,37-2021,Building And Grounds Cleaning,High school diploma or equivalent,44730.0,102400.0,5.0,Faster than average,0.229,0.25,-0.726,Low,Oral Comprehension,Verbal,Spatial,3.095,3.593,3.267,2.75,2.12,2.837,2.81,3.0
Aerospace engineering and operations technologists and technicians,17-3021,Architecture And Engineering,Associate's degree,79830.0,9300.0,8.0,Much faster than average,0.225,0.325,0.391,Low,Written Comprehension,Verbal,Perceptual,3.18,3.848,3.411,2.755,2.5,3.0,2.25,3.005
Waiters and waitresses,35-3031,Food Preparation And Serving,No formal educational credential,33760.0,2329700.0,-1.0,Decline,0.224,0.184,-0.948,Low,Oral Comprehension,Verbal,Memory,2.625,3.285,2.66,2.06,2.88,2.207,1.81,3.06
Airline and commercial pilots,53-2010,Transportation And Material Moving,See How to Become One,198100.0,155400.0,4.0,As fast as average,0.222,0.295,-0.194,Low,Problem Sensitivity,Reasoning,Attention,3.533,3.75,3.626,2.938,2.5,3.645,3.468,3.782
"Broadcast, sound, and video technicians",27-4010,Media And Communication,See How to Become One,56600.0,146100.0,1.0,Slower than average,0.221,0.386,0.377,Low,Oral Comprehension,Verbal,Attention,2.988,3.624,3.224,2.22,2.435,2.876,2.034,3.06
Electro-mechanical and mechatronics technologists and technicians,17-3024,Architecture And Engineering,Associate's degree,70760.0,15000.0,1.0,Slower than average,0.221,0.387,-0.304,Low,Deductive Reasoning,Reasoning,Attention,3.213,3.468,3.435,2.845,2.75,3.167,2.655,3.157
Photographers,27-4021,Media And Communication,High school diploma or equivalent,42520.0,151200.0,2.0,Slower than average,0.219,0.385,-0.168,Low,Oral Comprehension,Verbal,Spatial,2.94,3.472,3.247,2.0,2.0,2.713,2.685,2.81
Correctional officers and bailiffs,33-3010,Protective Service,High school diploma or equivalent,57950.0,406500.0,-7.0,Decline,0.2,0.149,-0.699,Low,Oral Expression,Verbal,Attention,2.744,3.421,2.901,1.75,2.125,2.625,1.905,3.155
EMTs and paramedics,29-2040,Healthcare,Postsecondary nondegree award,46350.0,282900.0,5.0,Faster than average,0.2,0.181,-0.686,Low,Problem Sensitivity,Reasoning,Spatial,3.308,3.688,3.57,2.56,3.0,3.207,2.81,3.185
Forensic science technicians,19-4092,Life Physical And Social Science,Bachelor's degree,67440.0,20700.0,13.0,Much faster than average,0.194,0.387,0.24,Low,Inductive Reasoning,Reasoning,Perceptual,3.357,3.907,3.606,2.685,2.62,3.583,2.5,2.94
Orthotists and prosthetists,29-2091,Healthcare,Master's degree,78310.0,10100.0,13.0,Much faster than average,0.19,0.276,0.067,Low,Oral Comprehension,Verbal,Reasoning,3.131,3.905,3.59,2.565,2.0,2.663,2.25,2.69
Respiratory therapists,29-1126,Healthcare,Associate's degree,80450.0,139600.0,12.0,Much faster than average,0.19,0.202,-0.188,Low,Oral Expression,Verbal,Attention,3.169,3.782,3.503,2.88,2.62,2.877,1.94,3.0
Massage therapists,31-9011,Healthcare,Postsecondary nondegree award,57950.0,168000.0,15.0,Much faster than average,0.185,0.074,-1.41,Low,Oral Comprehension,Verbal,Verbal,2.601,3.375,2.947,1.75,2.0,2.207,1.56,2.63
Quality control inspectors,51-9061,Production,High school diploma or equivalent,47460.0,598000.0,0.0,Little or no change,0.177,0.417,-0.029,Low,Oral Comprehension,Verbal,Perceptual,2.815,3.44,2.927,2.5,2.0,2.917,1.81,2.75
Heavy and tractor-trailer truck drivers,53-3032,Transportation And Material Moving,Postsecondary nondegree award,57440.0,2235100.0,4.0,As fast as average,0.173,0.279,-1.149,Low,Spatial Orientation,Spatial,Spatial,2.804,2.878,2.891,2.185,2.0,2.67,3.375,3.0
Cardiovascular technologists and technicians,29-2031,Healthcare,Associate's degree,67260.0,64700.0,3.0,As fast as average,0.171,0.357,-0.091,Low,Problem Sensitivity,Reasoning,Perceptual,3.118,3.75,3.32,2.56,2.62,3.21,1.875,3.06
Radiation therapists,29-1124,Healthcare,Associate's degree,101990.0,19200.0,2.0,Slower than average,0.171,0.28,-0.219,Low,Oral Comprehension,Verbal,Spatial,3.12,3.812,3.231,2.75,2.5,2.92,2.44,3.0
"Umpires, referees, and other sports officials",27-2023,Entertainment And Sports,High school diploma or equivalent,38820.0,19300.0,6.0,Faster than average,0.167,0.312,-0.033,Low,Oral Expression,Verbal,Attention,2.947,3.188,2.949,2.44,3.0,3.207,2.25,3.25
Actors,27-2011,Entertainment And Sports,"Some college, no degree",48526.0,57000.0,0.0,Little or no change,0.156,0.188,0.159,Low,Oral Expression,Verbal,Memory,2.756,3.72,3.037,1.06,3.88,2.123,1.81,2.875
"Power plant operators, distributors, and dispatchers",51-8010,Production,High school diploma or equivalent,103600.0,46600.0,-10.0,Decline,0.154,0.283,0.308,Low,Oral Comprehension,Verbal,Perceptual,3.177,3.781,3.412,2.647,2.29,3.154,2.272,3.063
Occupational therapy assistants and aides,31-2010,Healthcare,See How to Become One,66050.0,54400.0,18.0,Much faster than average,0.153,0.254,-0.544,Low,Oral Expression,Verbal,Attention,2.884,3.721,3.161,2.152,2.25,2.5,1.78,2.97
Dentists,29-1020,Healthcare,Doctoral or professional degree,179210.0,149300.0,4.0,As fast as average,0.149,0.159,-0.104,Low,Problem Sensitivity,Reasoning,Attention,3.237,3.828,3.606,2.702,2.595,2.845,2.266,3.174
Veterinary assistants and laboratory animal caretakers,31-9096,Healthcare,High school diploma or equivalent,37320.0,117800.0,9.0,Much faster than average,0.148,0.222,-0.774,Low,Problem Sensitivity,Reasoning,Quantitative,2.643,3.125,2.784,2.815,2.0,2.46,1.69,2.565
Veterinary technologists and technicians,29-2056,Healthcare,Associate's degree,45980.0,134200.0,9.0,Much faster than average,0.148,0.164,-0.362,Low,Oral Expression,Verbal,Memory,3.15,3.688,3.394,3.0,2.75,3.0,1.94,3.0
Electricians,47-2111,Construction And Extraction,High school diploma or equivalent,62350.0,818700.0,9.0,Much faster than average,0.146,0.146,-0.78,Low,Problem Sensitivity,Reasoning,Spatial,3.124,3.185,3.41,3.0,2.62,3.04,2.75,2.875
Flight attendants,53-2031,Transportation And Material Moving,High school diploma or equivalent,67130.0,130800.0,9.0,Much faster than average,0.146,0.167,-0.762,Low,Oral Comprehension,Verbal,Attention,2.84,3.468,3.16,1.94,2.0,2.793,1.69,3.0
Coaches and scouts,27-2022,Entertainment And Sports,Bachelor's degree,45920.0,306500.0,6.0,Faster than average,0.144,0.3,0.117,Low,Oral Expression,Verbal,Spatial,3.299,3.968,3.786,2.315,2.88,2.753,2.69,2.88
Medical assistants,31-9092,Healthcare,Postsecondary nondegree award,44200.0,811000.0,12.0,Much faster than average,0.141,0.359,0.15,Low,Oral Comprehension,Verbal,Verbal,3.024,3.845,3.177,2.75,2.5,2.833,1.75,2.94
"Heating, air conditioning, and refrigeration mechanics and installers",49-9021,Installation Maintenance And Repair,Postsecondary nondegree award,59810.0,425200.0,8.0,Much faster than average,0.14,0.105,-0.849,Low,Problem Sensitivity,Reasoning,Spatial,3.074,3.248,3.26,2.625,2.69,3.02,2.968,2.907
Bartenders,35-3011,Food Preparation And Serving,No formal educational credential,33530.0,756700.0,6.0,Faster than average,0.139,0.194,-0.616,Low,Oral Expression,Verbal,Memory,2.828,3.407,2.966,2.375,3.0,2.54,1.875,2.94
Jewelers and precious stone and metal workers,51-9071,Production,High school diploma or equivalent,49140.0,35100.0,-5.0,Decline,0.134,0.205,-0.156,Low,Problem Sensitivity,Reasoning,Perceptual,2.728,2.782,3.035,2.625,2.003,2.764,2.082,2.605
Musicians and singers,27-2042,Entertainment And Sports,No formal educational credential,88296.0,169800.0,1.0,Slower than average,0.133,0.408,-0.004,Low,Oral Comprehension,Verbal,Memory,2.716,3.189,3.046,1.658,2.94,2.397,1.91,2.848
Physical therapist assistants and aides,31-2020,Healthcare,See How to Become One,60050.0,157100.0,16.0,Much faster than average,0.127,0.168,-0.707,Low,Oral Comprehension,Verbal,Spatial,2.78,3.406,3.001,2.093,2.25,2.645,1.938,2.752
Water and wastewater treatment plant and system operators,51-8031,Production,High school diploma or equivalent,58260.0,132400.0,-7.0,Decline,0.125,0.125,-0.445,Low,Oral Comprehension,Verbal,Spatial,2.952,3.56,3.0,2.815,2.12,2.837,2.375,2.87
Clinical laboratory technologists and technicians,29-2010,Healthcare,Bachelor's degree,61890.0,351200.0,2.0,Slower than average,0.123,0.254,0.077,Low,Problem Sensitivity,Reasoning,Perceptual,3.06,3.547,3.268,2.883,2.576,3.025,1.962,2.929
Heavy vehicle and mobile equipment service technicians,49-3040,Installation Maintenance And Repair,High school diploma or equivalent,62740.0,245600.0,6.0,Faster than average,0.121,0.104,-1.275,Low,Problem Sensitivity,Reasoning,Spatial,2.947,2.969,3.077,2.523,2.583,3.056,2.895,2.938
Bakers,51-3011,Production,No formal educational credential,36650.0,249100.0,6.0,Faster than average,0.118,0.265,-0.385,Low,Oral Comprehension,Verbal,Perceptual,2.679,2.968,2.929,2.25,2.0,2.667,1.94,2.75
Logging workers,45-4020,Farming Fishing And Forestry,High school diploma or equivalent,49540.0,44300.0,-2.0,Decline,0.115,0.143,-1.092,Low,Problem Sensitivity,Reasoning,Spatial,2.761,2.823,2.852,2.585,1.96,2.819,2.855,2.708
Phlebotomists,31-9097,Healthcare,Postsecondary nondegree award,43660.0,139700.0,6.0,Faster than average,0.11,0.183,-0.278,Low,Problem Sensitivity,Reasoning,Perceptual,2.81,3.252,3.106,2.315,2.25,2.79,1.75,2.75
Physician assistants,29-1071,Healthcare,Master's degree,133260.0,162700.0,20.0,Much faster than average,0.11,0.271,0.106,Low,Oral Comprehension,Verbal,Perceptual,3.283,3.936,3.517,2.97,2.815,3.227,1.94,3.128
Solar photovoltaic installers,47-2231,Construction And Extraction,High school diploma or equivalent,51860.0,28600.0,42.0,Much faster than average,0.11,0.11,-0.944,Low,Problem Sensitivity,Reasoning,Spatial,2.863,2.875,3.144,2.315,2.25,2.707,2.935,2.875
Dancers and choreographers,27-2030,Entertainment And Sports,See How to Become One,51022.0,17000.0,5.0,Faster than average,0.107,0.146,-2.123,Low,Oral Comprehension,Verbal,Spatial,2.974,3.454,3.322,1.815,3.0,2.52,2.782,2.812
Skincare specialists,39-5094,Personal Care And Service,Postsecondary nondegree award,41560.0,97400.0,7.0,Much faster than average,0.106,0.197,-0.263,Low,Oral Comprehension,Verbal,Verbal,2.626,3.502,2.966,1.5,2.0,2.247,1.625,2.69
Stationary engineers and boiler operators,51-8021,Production,High school diploma or equivalent,75190.0,33300.0,2.0,Slower than average,0.105,0.163,-0.503,Low,Oral Comprehension,Verbal,Spatial,2.82,3.405,3.034,2.0,2.12,2.663,2.375,2.75
Cooks,35-2010,Food Preparation And Serving,See How to Become One,35760.0,2805100.0,5.0,Faster than average,0.103,0.091,-0.694,Low,Oral Comprehension,Verbal,Attention,2.632,3.006,2.843,2.323,2.202,2.359,1.812,2.9
Dental assistants,31-9091,Healthcare,Postsecondary nondegree award,47300.0,381900.0,6.0,Faster than average,0.1,0.267,-0.527,Low,Oral Comprehension,Verbal,Attention,2.767,3.565,3.034,2.185,2.0,2.417,1.685,2.81
Carpenters,47-2031,Construction And Extraction,High school diploma or equivalent,59310.0,959000.0,4.0,As fast as average,0.089,0.144,-1.324,Low,Problem Sensitivity,Reasoning,Spatial,2.931,3.046,3.124,2.782,2.185,2.71,3.06,2.75
Firefighters,33-2011,Protective Service,Postsecondary nondegree award,59530.0,344900.0,3.0,As fast as average,0.088,0.14,-1.32,Low,Problem Sensitivity,Reasoning,Spatial,3.196,3.501,3.329,2.09,2.625,3.25,3.282,3.343
Elevator and escalator installers and repairers,47-4021,Construction And Extraction,High school diploma or equivalent,106580.0,24200.0,5.0,Faster than average,0.079,0.184,-0.86,Low,Problem Sensitivity,Reasoning,Spatial,3.008,3.472,3.287,2.125,2.38,2.75,2.755,2.94
General maintenance and repair workers,49-9071,Installation Maintenance And Repair,High school diploma or equivalent,48620.0,1629700.0,4.0,As fast as average,0.078,0.137,-1.014,Low,Problem Sensitivity,Reasoning,Spatial,2.807,3.0,2.979,2.12,2.12,2.953,2.75,2.685
Automotive service technicians and mechanics,49-3023,Installation Maintenance And Repair,Postsecondary nondegree award,49670.0,805600.0,4.0,As fast as average,0.073,0.082,-0.955,Low,Deductive Reasoning,Reasoning,Spatial,2.958,3.064,3.213,2.093,2.5,3.082,2.688,3.032
Insulation workers,47-2130,Construction And Extraction,See How to Become One,50730.0,67400.0,4.0,As fast as average,0.073,0.048,-1.444,Low,Oral Expression,Verbal,Spatial,2.668,2.955,2.805,2.188,2.0,2.565,2.532,2.72
Dental and ophthalmic laboratory technicians and medical appliance technicians,51-9080,Production,High school diploma or equivalent,45820.0,66800.0,-1.0,Decline,0.069,0.091,-0.363,Low,Visualization,Spatial,Spatial,2.825,3.137,3.065,2.373,2.127,2.751,2.312,2.792
Forest and conservation workers,45-4011,Farming Fishing And Forestry,High school diploma or equivalent,43680.0,10800.0,-5.0,Decline,0.065,0.043,-1.064,Low,Problem Sensitivity,Reasoning,Spatial,2.982,3.28,3.179,2.435,2.12,2.873,2.88,2.94
"Plumbers, pipefitters, and steamfitters",47-2152,Construction And Extraction,High school diploma or equivalent,62970.0,504500.0,4.0,As fast as average,0.064,0.075,-1.121,Low,Problem Sensitivity,Reasoning,Spatial,2.988,3.17,3.223,2.628,2.06,2.875,2.875,2.905
"Barbers, hairstylists, and cosmetologists",39-5010,Personal Care And Service,Postsecondary nondegree award,35420.0,651200.0,5.0,Faster than average,0.063,0.12,-0.706,Low,Oral Comprehension,Verbal,Attention,2.679,3.156,2.929,2.032,2.0,2.313,2.125,2.938
Semiconductor processing technicians,51-9141,Production,High school diploma or equivalent,51180.0,31900.0,11.0,Much faster than average,0.062,0.234,-0.637,Low,Written Comprehension,Verbal,Spatial,2.722,3.315,2.914,2.0,2.25,2.583,2.25,2.5
Manicurists and pedicurists,39-5092,Personal Care And Service,Postsecondary nondegree award,34660.0,210100.0,7.0,Much faster than average,0.056,0.083,0.034,Low,Oral Expression,Verbal,Attention,2.303,2.625,2.551,1.565,1.75,2.04,1.75,2.75
Optometrists,29-1041,Healthcare,Doctoral or professional degree,134830.0,47800.0,8.0,Much faster than average,0.05,0.3,0.504,Low,Deductive Reasoning,Reasoning,Perceptual,3.303,3.843,3.641,3.0,2.38,3.33,2.0,3.065
Small engine mechanics,49-3050,Installation Maintenance And Repair,See How to Become One,48240.0,78000.0,4.0,As fast as average,0.049,0.085,-0.848,Low,Problem Sensitivity,Reasoning,Spatial,2.817,3.01,3.167,2.06,2.207,2.583,2.627,2.812
Food preparation workers,35-2021,Food Preparation And Serving,No formal educational credential,34220.0,902700.0,-3.0,Decline,0.046,0.037,-1.226,Low,Oral Expression,Verbal,Spatial,2.369,2.688,2.59,2.0,2.0,2.04,1.81,2.565
Wind turbine technicians,49-9081,Installation Maintenance And Repair,Postsecondary nondegree award,62580.0,13600.0,50.0,Much faster than average,0.043,0.043,-0.971,Low,Oral Comprehension,Verbal,Spatial,2.993,3.25,3.25,2.06,2.75,3.0,2.75,2.87
Sheet metal workers,47-2211,Construction And Extraction,High school diploma or equivalent,60850.0,127000.0,2.0,Slower than average,0.039,0.066,-1.175,Low,Visualization,Spatial,Spatial,2.887,2.938,2.964,2.875,2.0,2.747,3.0,3.065
"Welders, cutters, solderers, and brazers",51-4121,Production,High school diploma or equivalent,51000.0,457300.0,2.0,Slower than average,0.039,0.088,-1.198,Low,Problem Sensitivity,Reasoning,Spatial,2.47,2.562,2.652,2.0,1.81,2.542,2.343,2.47
Hazardous materials removal workers,47-4041,Construction And Extraction,High school diploma or equivalent,48490.0,51300.0,1.0,Slower than average,0.032,0.081,-0.689,Low,Problem Sensitivity,Reasoning,Spatial,3.108,3.562,3.341,2.44,2.62,2.917,2.685,3.0
Glaziers,47-2121,Construction And Extraction,High school diploma or equivalent,55440.0,60500.0,3.0,As fast as average,0.031,0.083,-1.389,Low,Information Ordering,Reasoning,Spatial,2.554,2.815,2.803,2.315,1.88,2.123,2.5,2.435
"Painters, construction and maintenance",47-2141,Construction And Extraction,No formal educational credential,48660.0,342200.0,4.0,As fast as average,0.029,0.057,-1.588,Low,Oral Comprehension,Verbal,Spatial,2.459,2.843,2.627,2.06,1.5,2.127,2.375,2.565
Construction equipment operators,47-2070,Construction And Extraction,High school diploma or equivalent,58320.0,539500.0,4.0,As fast as average,0.029,0.018,-1.095,Low,Problem Sensitivity,Reasoning,Spatial,2.623,2.676,2.727,2.04,1.96,2.501,2.917,2.96
Janitors and building cleaners,37-2011,Building And Grounds Cleaning,No formal educational credential,35930.0,2447700.0,2.0,Slower than average,0.028,0.0,-1.436,Low,Oral Comprehension,Verbal,Spatial,2.208,2.53,2.573,1.25,1.5,2.04,1.75,2.31
Butchers,51-3021,Production,No formal educational credential,38960.0,143100.0,1.0,Slower than average,0.026,0.132,-0.971,Low,Oral Comprehension,Verbal,Attention,2.648,2.81,2.747,2.56,2.0,2.583,2.19,2.94
Painting and coating workers,51-9120,Production,See How to Become One,47390.0,174300.0,1.0,Slower than average,0.02,0.022,-1.18,Low,Oral Comprehension,Verbal,Spatial,2.461,2.689,2.638,1.937,1.96,2.416,2.25,2.44
Flooring installers and tile and stone setters,47-2040,Construction And Extraction,No formal educational credential,52000.0,112300.0,6.0,Faster than average,0.017,0.055,-1.46,Low,Problem Sensitivity,Reasoning,Spatial,2.626,2.875,2.831,2.298,1.875,2.344,2.5,2.66
"Drywall installers, ceiling tile installers, and tapers",47-2080,Construction And Extraction,No formal educational credential,58800.0,118600.0,4.0,As fast as average,0.01,0.021,-1.594,Low,Oral Expression,Verbal,Spatial,2.505,2.751,2.669,1.905,2.0,2.31,2.47,2.622
Boilermakers,47-2011,Construction And Extraction,High school diploma or equivalent,73340.0,10400.0,-2.0,Decline,0.0,0.03,-1.098,Low,Problem Sensitivity,Reasoning,Spatial,2.942,3.155,3.234,2.38,2.0,2.793,2.75,2.94
Athletes and sports competitors,27-2021,Entertainment And Sports,No formal educational credential,62360.0,19100.0,5.0,Faster than average,0.0,0.0,-1.814,Low,Oral Comprehension,Verbal,Spatial,2.936,3.47,3.2,2.12,2.38,2.627,2.44,3.0
Diesel service technicians and mechanics,49-3031,Installation Maintenance And Repair,High school diploma or equivalent,60640.0,319900.0,2.0,Slower than average,0.0,0.0,-1.01,Low,Problem Sensitivity,Reasoning,Spatial,2.826,2.905,3.141,2.06,2.12,2.873,2.56,2.88
Electrical power-line installers and repairers,49-9051,Installation Maintenance And Repair,High school diploma or equivalent,92560.0,127400.0,7.0,Much faster than average,0.0,0.0,-1.081,Low,Problem Sensitivity,Reasoning,Spatial,3.011,3.315,3.319,2.25,2.25,2.833,2.81,2.94
Roofers,47-2181,Construction And Extraction,No formal educational credential,50970.0,166700.0,6.0,Faster than average,0.0,0.04,-1.753,Low,Problem Sensitivity,Reasoning,Spatial,2.654,2.78,2.857,2.06,2.0,2.54,2.5,2.94
